kaikin@prismhr.com--prismhr.com--83
holly@pcpyarraville.com.au--pcpyarraville.com.au--77
nitin.nair@physiomed.ca--physiomed.ca--97
giacomo.fabrizio@aurorasportsmed.ca--aurorasportsmed.ca--96
dyake@ptsolutions.com--ptsolutions.com--98
sorgrachel@bullcityfamilychiropractic.com--bullcityfamilychiropractic.com--73
hreyes@dallashealthyvending.com--dallashealthyvending.com--76
laurie@selfemployedaustralia.com.au--selfemployedaustralia.com.au--87
